{
    "jobTitle":"Software Developer",
    "jobDescription":"",
    "streams":[],
    "interests":[],
    "client":{
        "name":"Sky",
        "contact":{
            "firstName":"Philip",
            "lastName":"Parkinson",
            "email":"philip.parkinson@fdmgroup.com",
            "phone":"+447595608102",
            "address":{
                "addressLineOne":"Oxford Street",
                "city":"London",
                "county":"London",
                "postcode":"LDN 1",
                "country":"United Kingdom"
            }
        }
    }
}